{"cameraMode":{"drawMode":0,"name":"Shaded","section":"Shading Mode"},"sceneLighting":false,"audioPlay":false,"sceneViewState":{"showFog":true,"showMaterialUpdate":false,"showSkybox":false,"showFlares":true,"showImageEffects":true,"showParticleSystems":true},"in2DMode":false,"pivot":{"x":4.737009048461914,"y":-22.380859375,"z":-0.69403076171875},"rotation":{"x":0.3873273432254791,"y":-0.6110225319862366,"z":0.5161166787147522,"w":0.45854711532592776},"size":13.847023010253907,"orthographic":true}