{"cameraMode":{"drawMode":0,"name":"Shaded","section":"Shading Mode"},"sceneLighting":false,"audioPlay":false,"sceneViewState":{"showFog":true,"showMaterialUpdate":false,"showSkybox":false,"showFlares":true,"showImageEffects":true,"showParticleSystems":true},"in2DMode":false,"pivot":{"x":-0.0047452449798583988,"y":0.9367679357528687,"z":0.35411348938941958},"rotation":{"x":-0.1350102573633194,"y":-0.35081443190574648,"z":0.05120043829083443,"w":-0.9252623319625855},"size":6.175580978393555,"orthographic":true}