{"cameraMode":{"drawMode":0,"name":"Shaded","section":"Shading Mode"},"sceneLighting":false,"audioPlay":false,"sceneViewState":{"showFog":true,"showMaterialUpdate":false,"showSkybox":false,"showFlares":true,"showImageEffects":true,"showParticleSystems":true},"in2DMode":false,"pivot":{"x":6.169163703918457,"y":-43.769954681396487,"z":40.8106803894043},"rotation":{"x":0.009682063944637776,"y":0.9169394373893738,"z":-0.3983241021633148,"w":0.02228623442351818},"size":78.32844543457031,"orthographic":false}