{"cameraMode":{"drawMode":0,"name":"Shaded","section":"Shading Mode"},"sceneLighting":false,"audioPlay":false,"sceneViewState":{"showFog":true,"showMaterialUpdate":false,"showSkybox":false,"showFlares":true,"showImageEffects":true,"showParticleSystems":true},"in2DMode":false,"pivot":{"x":-0.120013527572155,"y":-6.886618137359619,"z":-19.90591812133789},"rotation":{"x":-0.0007264462765306234,"y":0.9821557998657227,"z":-0.18818597495555879,"w":-0.003817241406068206},"size":23.471981048583986,"orthographic":false}