{"cameraMode":{"drawMode":0,"name":"Shaded","section":"Shading Mode"},"sceneLighting":false,"audioPlay":false,"sceneViewState":{"showFog":true,"showMaterialUpdate":false,"showSkybox":false,"showFlares":true,"showImageEffects":true,"showParticleSystems":true},"in2DMode":false,"pivot":{"x":-0.5712847709655762,"y":0.2547933757305145,"z":-3.303118944168091},"rotation":{"x":0.061304476112127307,"y":-0.9387006163597107,"z":0.23750048875808717,"w":0.24230068922042848},"size":2.3525569438934328,"orthographic":true}