{"cameraMode":{"drawMode":0,"name":"Shaded","section":"Shading Mode"},"sceneLighting":false,"audioPlay":false,"sceneViewState":{"showFog":true,"showMaterialUpdate":false,"showSkybox":false,"showFlares":true,"showImageEffects":true,"showParticleSystems":true},"in2DMode":false,"pivot":{"x":1.9381282329559327,"y":0.8317255973815918,"z":-1.2673156261444092},"rotation":{"x":-0.11970122903585434,"y":-0.8191364407539368,"z":0.18516235053539277,"w":-0.5295483469963074},"size":6.908140182495117,"orthographic":false}