{"cameraMode":{"drawMode":0,"name":"Shaded","section":"Shading Mode"},"sceneLighting":false,"audioPlay":false,"sceneViewState":{"showFog":true,"showMaterialUpdate":false,"showSkybox":false,"showFlares":true,"showImageEffects":true,"showParticleSystems":true},"in2DMode":false,"pivot":{"x":0.0520254485309124,"y":3.5735511779785158,"z":3.392622470855713},"rotation":{"x":-0.30890268087387087,"y":0.6530104279518127,"z":-0.3327844440937042,"w":-0.606150209903717},"size":9.75358772277832,"orthographic":false}