{"cameraMode":{"drawMode":0,"name":"Shaded","section":"Shading Mode"},"sceneLighting":false,"audioPlay":false,"sceneViewState":{"showFog":true,"showMaterialUpdate":false,"showSkybox":false,"showFlares":true,"showImageEffects":true,"showParticleSystems":true},"in2DMode":false,"pivot":{"x":-0.882587730884552,"y":3.9476373195648195,"z":-3.023381471633911},"rotation":{"x":-0.024650946259498597,"y":0.9589594602584839,"z":-0.08798765391111374,"w":-0.26849597692489626},"size":11.473275184631348,"orthographic":false}