{"cameraMode":{"drawMode":0,"name":"Shaded","section":"Shading Mode"},"sceneLighting":false,"audioPlay":false,"sceneViewState":{"showFog":true,"showMaterialUpdate":false,"showSkybox":false,"showFlares":true,"showImageEffects":true,"showParticleSystems":true},"in2DMode":false,"pivot":{"x":0.2242431640625,"y":0.062255859375,"z":-1.0294189453125},"rotation":{"x":-0.13013441860675813,"y":0.8686429262161255,"z":-0.36198651790618899,"w":-0.31252220273017886},"size":2.142402172088623,"orthographic":true}