{"cameraMode":{"drawMode":0,"name":"Shaded","section":"Shading Mode"},"sceneLighting":false,"audioPlay":false,"sceneViewState":{"showFog":true,"showMaterialUpdate":false,"showSkybox":false,"showFlares":true,"showImageEffects":true,"showParticleSystems":true},"in2DMode":false,"pivot":{"x":0.14870858192443849,"y":0.8974767923355103,"z":0.625849187374115},"rotation":{"x":0.14179210364818574,"y":-0.7426654100418091,"z":0.16656020283699037,"w":0.6331096291542053},"size":1.6546825170516968,"orthographic":true}