{"cameraMode":{"drawMode":0,"name":"Shaded","section":"Shading Mode"},"sceneLighting":false,"audioPlay":false,"sceneViewState":{"showFog":true,"showMaterialUpdate":false,"showSkybox":false,"showFlares":true,"showImageEffects":true,"showParticleSystems":true},"in2DMode":false,"pivot":{"x":0.14870858192443849,"y":0.8974767923355103,"z":0.625849187374115},"rotation":{"x":-0.04885261505842209,"y":0.8104655146598816,"z":-0.06821488589048386,"w":-0.5798171162605286},"size":1.9152518510818482,"orthographic":true}