{"cameraMode":{"drawMode":0,"name":"Shaded","section":"Shading Mode"},"sceneLighting":false,"audioPlay":false,"sceneViewState":{"showFog":true,"showMaterialUpdate":false,"showSkybox":false,"showFlares":true,"showImageEffects":true,"showParticleSystems":true},"in2DMode":false,"pivot":{"x":-0.004343986511230469,"y":15.700313568115235,"z":-0.2794837951660156},"rotation":{"x":0.7071060538291931,"y":-0.0010606598807498813,"z":0.0010606598807498813,"w":0.7071060538291931},"size":82.45854187011719,"orthographic":true}