{"cameraMode":{"drawMode":0,"name":"Shaded","section":"Shading Mode"},"sceneLighting":false,"audioPlay":false,"sceneViewState":{"showFog":true,"showMaterialUpdate":false,"showSkybox":false,"showFlares":true,"showImageEffects":true,"showParticleSystems":true},"in2DMode":false,"pivot":{"x":-7.450580596923828e-8,"y":0.02965017408132553,"z":-0.000986599363386631},"rotation":{"x":-0.008902769535779953,"y":0.9749619960784912,"z":-0.21885260939598084,"w":-0.03983659669756889},"size":0.14156898856163026,"orthographic":true}