{"cameraMode":{"drawMode":0,"name":"Shaded","section":"Shading Mode"},"sceneLighting":false,"audioPlay":false,"sceneViewState":{"showFog":true,"showMaterialUpdate":false,"showSkybox":false,"showFlares":true,"showImageEffects":true,"showParticleSystems":true},"in2DMode":false,"pivot":{"x":0.5176725387573242,"y":0.05597939342260361,"z":0.005393356084823608},"rotation":{"x":0.09971950203180313,"y":0.5988619923591614,"z":-0.07549166679382324,"w":0.7910420894622803},"size":0.7095834612846375,"orthographic":true}