{"cameraMode":{"drawMode":0,"name":"Shaded","section":"Shading Mode"},"sceneLighting":false,"audioPlay":false,"sceneViewState":{"showFog":true,"showMaterialUpdate":false,"showSkybox":false,"showFlares":true,"showImageEffects":true,"showParticleSystems":true},"in2DMode":false,"pivot":{"x":-0.31928133964538576,"y":0.8771883249282837,"z":-0.8078792095184326},"rotation":{"x":-0.06274133175611496,"y":0.933096706867218,"z":-0.2006688117980957,"w":-0.29205867648124697},"size":1.1160356998443604,"orthographic":true}