{"cameraMode":{"drawMode":0,"name":"Shaded","section":"Shading Mode"},"sceneLighting":false,"audioPlay":false,"sceneViewState":{"showFog":true,"showMaterialUpdate":false,"showSkybox":false,"showFlares":true,"showImageEffects":true,"showParticleSystems":true},"in2DMode":false,"pivot":{"x":4.955230712890625,"y":-21.175537109375,"z":-0.53271484375},"rotation":{"x":-0.02309848554432392,"y":0.9112938046455383,"z":-0.4079453945159912,"w":-0.051755812019109729},"size":3.0988147258758547,"orthographic":true}