{"cameraMode":{"drawMode":0,"name":"Shaded","section":"Shading Mode"},"sceneLighting":false,"audioPlay":false,"sceneViewState":{"showFog":true,"showMaterialUpdate":false,"showSkybox":false,"showFlares":true,"showImageEffects":true,"showParticleSystems":true},"in2DMode":false,"pivot":{"x":-0.8406606316566467,"y":0.8199414610862732,"z":0.14710493385791779},"rotation":{"x":-0.0012021827278658748,"y":0.9892070293426514,"z":-0.14678432047367097,"w":-0.007734610233455896},"size":2.0545129776000978,"orthographic":true}