{"cameraMode":{"drawMode":0,"name":"Shaded","section":"Shading Mode"},"sceneLighting":false,"audioPlay":false,"sceneViewState":{"showFog":true,"showMaterialUpdate":false,"showSkybox":false,"showFlares":true,"showImageEffects":true,"showParticleSystems":true},"in2DMode":false,"pivot":{"x":4.73974609375,"y":-20.95751953125,"z":-0.078369140625},"rotation":{"x":-0.10197541117668152,"y":0.8434683680534363,"z":-0.17267434298992158,"w":-0.4984210133552551},"size":1.292738914489746,"orthographic":true}