{"cameraMode":{"drawMode":0,"name":"Shaded","section":"Shading Mode"},"sceneLighting":false,"audioPlay":false,"sceneViewState":{"showFog":true,"showMaterialUpdate":false,"showSkybox":false,"showFlares":true,"showImageEffects":true,"showParticleSystems":true},"in2DMode":false,"pivot":{"x":21.407245635986329,"y":-6.4609375,"z":-0.9865642189979553},"rotation":{"x":0.06196555495262146,"y":0.666042685508728,"z":-0.05567394942045212,"w":0.7412598133087158},"size":12.282204627990723,"orthographic":true}