{"cameraMode":{"drawMode":0,"name":"Shaded","section":"Shading Mode"},"sceneLighting":false,"audioPlay":false,"sceneViewState":{"showFog":true,"showMaterialUpdate":false,"showSkybox":false,"showFlares":true,"showImageEffects":true,"showParticleSystems":true},"in2DMode":false,"pivot":{"x":5.024343490600586,"y":-21.46262550354004,"z":-0.4771314561367035},"rotation":{"x":-0.018098853528499605,"y":0.9809654355049133,"z":-0.1567002683877945,"w":-0.11351968348026276},"size":2.7336246967315676,"orthographic":true}