{"cameraMode":{"drawMode":0,"name":"Shaded","section":"Shading Mode"},"sceneLighting":false,"audioPlay":false,"sceneViewState":{"showFog":true,"showMaterialUpdate":false,"showSkybox":false,"showFlares":true,"showImageEffects":true,"showParticleSystems":true},"in2DMode":false,"pivot":{"x":5.024789810180664,"y":-21.46262550354004,"z":-0.4540730118751526},"rotation":{"x":-0.0877218022942543,"y":0.9068155884742737,"z":-0.339163601398468,"w":-0.23465728759765626},"size":2.0756022930145265,"orthographic":true}