{"cameraMode":{"drawMode":0,"name":"Shaded","section":"Shading Mode"},"sceneLighting":false,"audioPlay":false,"sceneViewState":{"showFog":true,"showMaterialUpdate":false,"showSkybox":false,"showFlares":true,"showImageEffects":true,"showParticleSystems":true},"in2DMode":false,"pivot":{"x":0.5176725387573242,"y":0.05597939342260361,"z":0.005393356084823608},"rotation":{"x":0.4748856723308563,"y":-0.055374495685100558,"z":0.029958529397845269,"w":0.8778109550476074},"size":0.9814320206642151,"orthographic":true}