{"cameraMode":{"drawMode":0,"name":"Shaded","section":"Shading Mode"},"sceneLighting":false,"audioPlay":false,"sceneViewState":{"showFog":true,"showMaterialUpdate":false,"showSkybox":false,"showFlares":true,"showImageEffects":true,"showParticleSystems":true},"in2DMode":false,"pivot":{"x":0.0528564453125,"y":1.3558349609375,"z":-0.2138671875},"rotation":{"x":-0.24009449779987336,"y":0.4926336705684662,"z":-0.1435263752937317,"w":-0.8240835666656494},"size":3.1802971363067629,"orthographic":true}